,CSO,AUC,SP,SD
Random,0.1124,0.92,0.0,0.020
Scaffold,0.11115,0.827,0.0,0.019
UMAP,0.11263,0.757,0.0,0.110
