,CSO,AUC
BACE,0.17612,0.836
BBBP,0.1124,0.92
ClinTox,0.09663,0.854
SIDER,0.09659,0.569