,CSO,AUC,SP,SD
Random,0.08737,0.836,0.0,0.010
Scaffold,0.08498,0.758,0.0,0.009
UMAP,0.07913,0.744,0.0,0.024
