,CSO,AUC
BACE,0.15167,0.513
BBBP,0.11263,0.757
ClinTox,0.08498,0.858
SIDER,0.9495,0.577