,train_size,test_size,cross_split_overlap
bbbp_scaffold_0,1572,393,0.1111481383436949
bbbp_scaffold_1,1572,393,0.1111481383436949
bbbp_scaffold_2,1572,393,0.1111481383436949
bbbp_scaffold_3,1572,393,0.1111481383436949
bbbp_scaffold_4,1572,393,0.11114813834369495
