,train_size,test_size,cross_split_overlap
freesolv_scaffold_0,513,129,0.0540317234415884
freesolv_scaffold_1,513,129,0.0540317234415884
freesolv_scaffold_2,513,129,0.0540317234415884
freesolv_scaffold_3,513,129,0.0540317234415884
freesolv_scaffold_4,513,129,0.05403172344158849
