,train_size,test_size,cross_split_overlap
sider_scaffold_0,1141,286,0.0987425001536546
sider_scaffold_1,1141,286,0.0987425001536546
sider_scaffold_2,1141,286,0.0987425001536546
sider_scaffold_3,1141,286,0.0987425001536546
sider_scaffold_4,1141,286,0.09874250015365467
