,test/roc,test/f1,test/accuracy,test/prc
hiv_umap_0,0.741454005241394,0.16344085335731506,0.9541165232658386,0.22033178806304932
