,train_size,test_size,cross_split_overlap
clintox_scaffold_0,1151,289,0.0946626364231766
clintox_scaffold_1,1151,289,0.0946626364231766
clintox_scaffold_2,1151,289,0.0946626364231766
clintox_scaffold_3,1151,289,0.0946626364231766
clintox_scaffold_4,1151,289,0.09466263642317664
