,train_size,test_size,cross_split_overlap
clintox_scaffold_0,1152,288,0.0946626364231766
clintox_scaffold_1,1152,288,0.0946626364231766
clintox_scaffold_2,1152,288,0.0946626364231766
clintox_scaffold_3,1152,288,0.0946626364231766
clintox_scaffold_4,1152,288,0.09466263642317664
