,CSO,RMSE,SP,SD
Random,0.130008,0.530,0.0,0.021
Scaffold,0.128005,0.634,0.0,0.015
UMAP,0.130057,0.665,0.0,0.110