,train_size,test_size,cross_split_overlap
delaney_umap_0,901,205,0.0863398352194422
delaney_umap_1,860,246,0.0736098457615208
delaney_umap_2,874,232,0.0811050441219593
delaney_umap_3,876,230,0.0535172604026051
delaney_umap_4,885,221,0.051356153551974544
