,train_size,test_size,cross_split_overlap
bace_umap_0,1227,286,0.1407757122634514
bace_umap_1,1206,307,0.157450518033702
bace_umap_2,1200,313,0.1615304188709445
bace_umap_3,1061,452,0.1507243919447549
bace_umap_4,1081,432,0.14788459480987826
