,CSO,AUC,SP,SD
Random,0.17612,0.836,0.0,0.032
Scaffold,0.17175,0.764,0.0,0.015
UMAP,0.15167,0.513,0.1,0.101
