,train_size,test_size,cross_split_overlap
clintox_umap_0,1180,262,0.1031019776995517
clintox_umap_1,1125,317,0.0812622536165232
clintox_umap_2,1132,310,0.0820285682141783
clintox_umap_3,1146,296,0.0804412107413329
clintox_umap_4,1168,274,0.07804992186080546
