,train_size,test_size,cross_split_overlap
sider_umap_0,1124,303,0.0965125136444975
sider_umap_1,1155,272,0.0943609653982964
sider_umap_2,1167,260,0.104006481911581
sider_umap_3,1125,302,0.0959421770734332
sider_umap_4,1133,294,0.08392362628133493
