,train_size,test_size,cross_split_overlap
tox21_umap_0,6291,1532,0.0998539072311966
tox21_umap_1,6333,1490,0.0992642288516609
tox21_umap_2,6375,1448,0.0580583227289508
tox21_umap_3,6320,1503,0.0566864337462628
tox21_umap_4,6042,1781,0.09706395592905348
