,CSO,AUC,SP,SD
Random,0.09663,0.854,0.0,0.076
Scaffold,0.09466,0.865,0.0,0.021
UMAP,0.08498,0.858,0.05,0.062
