,CSO,AUC
BACE,0.17175,0.764
BBBP,0.11115,0.827
ClinTox,0.09466,0.865
SIDER,0.09874,0.558