,CSO,AUC,SP,SD
Random,0.09659,0.569,0.0,0.019
Scaffold,0.09874,0.558,0.0,0.022
UMAP,0.09495,0.577,0.0,0.022
