,CSO,RMSE,SP,SD
Random,0.081964,0.649,0.0,0.047
Scaffold,0.073630,0.905,0.05,0.051
UMAP,0.067704,0.829,0.05,0.145