,CSO,RMSE,SP,SD
Random,0.079535,1.214,0.0,0.181
Scaffold,0.054032,2.600,0.05,0.348
UMAP,0.064372,1.162,0.15,0.202