,train_size,test_size,cross_split_overlap
bace_random_0,1210,303,0.1749092302612112
bace_random_1,1210,303,0.1757657249809082
bace_random_2,1210,303,0.1777713772491985
bace_random_3,1210,303,0.1753372905165275
bace_random_4,1210,303,0.1770604841615136